{
  "mainAssemblyName": "EventPoints.Web",
  "resources": {
    "hash": "sha256-o/wlg7CwrAMDukImhifdxJMhjdBjpVw8yRHJnfTX5MA=",
    "fingerprinting": {
      "EventPoints.Domain.y3r30leuph.wasm": "EventPoints.Domain.wasm",
      "EventPoints.Web.ro3sn3dwkq.wasm": "EventPoints.Web.wasm",
      "Microsoft.AspNetCore.Components.zl068893sj.wasm": "Microsoft.AspNetCore.Components.wasm",
      "Microsoft.AspNetCore.Components.Web.mba6zlnpx2.wasm": "Microsoft.AspNetCore.Components.Web.wasm",
      "Microsoft.AspNetCore.Components.WebAssembly.6pkd8wizwp.wasm": "Microsoft.AspNetCore.Components.WebAssembly.wasm",
      "Microsoft.Extensions.Configuration.Abstractions.fhdafralvj.wasm": "Microsoft.Extensions.Configuration.Abstractions.wasm",
      "Microsoft.Extensions.Configuration.Json.x8nc4ezhyo.wasm": "Microsoft.Extensions.Configuration.Json.wasm",
      "Microsoft.Extensions.Configuration.8a48agg8yq.wasm": "Microsoft.Extensions.Configuration.wasm",
      "Microsoft.Extensions.DependencyInjection.Abstractions.1xkf8xxo3q.wasm": "Microsoft.Extensions.DependencyInjection.Abstractions.wasm",
      "Microsoft.Extensions.DependencyInjection.iqantsnbh2.wasm": "Microsoft.Extensions.DependencyInjection.wasm",
      "Microsoft.Extensions.Logging.Abstractions.mvhovwuytl.wasm": "Microsoft.Extensions.Logging.Abstractions.wasm",
      "Microsoft.Extensions.Logging.bjke0ozgr8.wasm": "Microsoft.Extensions.Logging.wasm",
      "Microsoft.Extensions.Options.gtojj40aw5.wasm": "Microsoft.Extensions.Options.wasm",
      "Microsoft.Extensions.Primitives.79421e6k44.wasm": "Microsoft.Extensions.Primitives.wasm",
      "Microsoft.JSInterop.um7ki97jms.wasm": "Microsoft.JSInterop.wasm",
      "Microsoft.JSInterop.WebAssembly.ynpjm7kaw7.wasm": "Microsoft.JSInterop.WebAssembly.wasm",
      "System.Collections.Concurrent.fzjfrdn2ak.wasm": "System.Collections.Concurrent.wasm",
      "System.Collections.Immutable.l0os1m7zzl.wasm": "System.Collections.Immutable.wasm",
      "System.Collections.f5lxx0o4qy.wasm": "System.Collections.wasm",
      "System.ComponentModel.h9eo79o86x.wasm": "System.ComponentModel.wasm",
      "System.Console.edzdhc2rzv.wasm": "System.Console.wasm",
      "System.Diagnostics.DiagnosticSource.iqu8qz459y.wasm": "System.Diagnostics.DiagnosticSource.wasm",
      "System.IO.Pipelines.ijgegc6dgx.wasm": "System.IO.Pipelines.wasm",
      "System.Linq.691nqrqs75.wasm": "System.Linq.wasm",
      "System.Memory.acxyzgdz32.wasm": "System.Memory.wasm",
      "System.Net.Http.Json.76d3wzxg2h.wasm": "System.Net.Http.Json.wasm",
      "System.Net.Http.ulybijk5cu.wasm": "System.Net.Http.wasm",
      "System.Net.Primitives.3uow9zd1kc.wasm": "System.Net.Primitives.wasm",
      "System.ObjectModel.ov9dc6jj2d.wasm": "System.ObjectModel.wasm",
      "System.Private.CoreLib.doas7gp252.wasm": "System.Private.CoreLib.wasm",
      "System.Private.Uri.nsfj740ux6.wasm": "System.Private.Uri.wasm",
      "System.Runtime.InteropServices.JavaScript.f4ln4hfftw.wasm": "System.Runtime.InteropServices.JavaScript.wasm",
      "System.Runtime.0jjnok885x.wasm": "System.Runtime.wasm",
      "System.Text.Encodings.Web.4zpcd8unrt.wasm": "System.Text.Encodings.Web.wasm",
      "System.Text.Json.ier4kxsk5r.wasm": "System.Text.Json.wasm",
      "System.Text.RegularExpressions.0e9rlv7vxy.wasm": "System.Text.RegularExpressions.wasm",
      "dotnet.js": "dotnet.js",
      "dotnet.native.8bti36lthm.js": "dotnet.native.js",
      "dotnet.native.tr0cyonrwt.wasm": "dotnet.native.wasm",
      "dotnet.runtime.tsg4gsv2hg.js": "dotnet.runtime.js",
      "icudt_CJK.tjcz0u77k5.dat": "icudt_CJK.dat",
      "icudt_EFIGS.tptq2av103.dat": "icudt_EFIGS.dat",
      "icudt_no_CJK.lfu7j35m59.dat": "icudt_no_CJK.dat"
    },
    "jsModuleNative": {
      "dotnet.native.8bti36lthm.js": "sha256-HFADmT26AarHu4tMjFaTPxINmQjBJGtdPN+CKjtNMFE="
    },
    "jsModuleRuntime": {
      "dotnet.runtime.tsg4gsv2hg.js": "sha256-82FoDmY+LsehdN2u8aSGEutGEKXJHcYaSX/3zptbsCw="
    },
    "wasmNative": {
      "dotnet.native.tr0cyonrwt.wasm": "sha256-F3/BArijJUydqmwcdWeW3LYyYHBRSu2+pyy8GL1jTV0="
    },
    "icu": {
      "icudt_CJK.tjcz0u77k5.dat": "sha256-SZLtQnRc0JkwqHab0VUVP7T3uBPSeYzxzDnpxPpUnHk=",
      "icudt_EFIGS.tptq2av103.dat": "sha256-8fItetYY8kQ0ww6oxwTLiT3oXlBwHKumbeP2pRF4yTc=",
      "icudt_no_CJK.lfu7j35m59.dat": "sha256-L7sV7NEYP37/Qr2FPCePo5cJqRgTXRwGHuwF5Q+0Nfs="
    },
    "coreAssembly": {
      "System.Private.CoreLib.doas7gp252.wasm": "sha256-8yP8t9jXVZ3kwVQmjUb7MSDfTcDGRbkmupZblF9Cq60=",
      "System.Runtime.InteropServices.JavaScript.f4ln4hfftw.wasm": "sha256-r+LQmgoVdHgFKWJvUNAR7HQZAtSw+xvBIQ6siSPsBNM="
    },
    "assembly": {
      "EventPoints.Domain.y3r30leuph.wasm": "sha256-/n8tqX42IPozJDMfBQBOHsbqOGgkCunXxA1/KtwvGx0=",
      "EventPoints.Web.ro3sn3dwkq.wasm": "sha256-qzSZRhSFQZ9x2maQ7qVRhaZs7sloS0I1wKWN1h8Kmuw=",
      "Microsoft.AspNetCore.Components.zl068893sj.wasm": "sha256-aT+vBXcX9xbCKoF++C2LLPjI6OxAGuqwaNpzgjSlQhI=",
      "Microsoft.AspNetCore.Components.Web.mba6zlnpx2.wasm": "sha256-Pl9jbrC31EOFeCcGqy4emv4WTLNY3fSTpicpXrNxTV8=",
      "Microsoft.AspNetCore.Components.WebAssembly.6pkd8wizwp.wasm": "sha256-9u2ebV7lxdHK2tEpeCTMdrK1XtfXds9jIg1c5gIe99Y=",
      "Microsoft.Extensions.Configuration.Abstractions.fhdafralvj.wasm": "sha256-w/2zjMfyoJhbvs8+MLLLNClNwhU130chhB6gK4YYr/0=",
      "Microsoft.Extensions.Configuration.Json.x8nc4ezhyo.wasm": "sha256-TxOo9nPmVL3U9K4TaX1871k0es8meg5RhQtvn2xXGbc=",
      "Microsoft.Extensions.Configuration.8a48agg8yq.wasm": "sha256-UK4CYO64Wyu6vze5IBJJCldq45XxRPXENIb3NV2rynw=",
      "Microsoft.Extensions.DependencyInjection.Abstractions.1xkf8xxo3q.wasm": "sha256-W6z2/WGHzibBfiQSMPWL4kSF11oLtmx7X2/304PwVys=",
      "Microsoft.Extensions.DependencyInjection.iqantsnbh2.wasm": "sha256-5gwu0mYaoqPKE60PdSEdUGhQZoxYbCm0UBH1Hm+hZa8=",
      "Microsoft.Extensions.Logging.Abstractions.mvhovwuytl.wasm": "sha256-gs/JC5tuLkMEa2JoCD6v30RSChN9EItOmSpzwLKgNpA=",
      "Microsoft.Extensions.Logging.bjke0ozgr8.wasm": "sha256-d++3uvri7GMhyWGbCjeyHzOWjuav1kcihRQITVUffMk=",
      "Microsoft.Extensions.Options.gtojj40aw5.wasm": "sha256-ZAdi1Ryb2ERqVtMWnjlTZUw216wfhU2pTLgmmt/e3/8=",
      "Microsoft.Extensions.Primitives.79421e6k44.wasm": "sha256-9YRkHsHFuOnJURkJNNupQY3uke6xaVZk55bxFqKP7U0=",
      "Microsoft.JSInterop.um7ki97jms.wasm": "sha256-WlaGysW+2KH8VX+Fw/WhpDv9XQwLvF+eOm/AnPSKn4I=",
      "Microsoft.JSInterop.WebAssembly.ynpjm7kaw7.wasm": "sha256-rhpkBOcrE3Jka5EriY0f6+d/lxnwAWpcDQrLBwRBYfg=",
      "System.Collections.Concurrent.fzjfrdn2ak.wasm": "sha256-61G6RdWky6wSKMoiBGmJfoebCUZviZ5ID5YVq4HzR40=",
      "System.Collections.Immutable.l0os1m7zzl.wasm": "sha256-lVGby/dcBmB+wCB8K1YxVEhN8mqT91CMTu4nj/wqXeA=",
      "System.Collections.f5lxx0o4qy.wasm": "sha256-Uyo6RAlOO04aoPQheRY6w5XBz2IKRDxz7W/Dx+6SYLo=",
      "System.ComponentModel.h9eo79o86x.wasm": "sha256-NQkKskUXENdTSf2C0+y41sjKi68CHmUqCgPPLNxKyGw=",
      "System.Console.edzdhc2rzv.wasm": "sha256-UjXLRSbqf588VXgS8cD9+u75YvW76iJhh1mR5WbUR1k=",
      "System.Diagnostics.DiagnosticSource.iqu8qz459y.wasm": "sha256-ZmzWoOOZ+CjJW2RPKBc/RBwoOAOnjTf0zR/tfyPN/jQ=",
      "System.IO.Pipelines.ijgegc6dgx.wasm": "sha256-PquLWMEc3QwTVtiyuC/O26Mjg5zxQrco0vYOXs6r4ZQ=",
      "System.Linq.691nqrqs75.wasm": "sha256-Gqz7Hs3WIxtvi2jCjHgfu4yXALCBDmX5Yp6yFt3If+I=",
      "System.Memory.acxyzgdz32.wasm": "sha256-SrBVMo6y8K0FW1a07/LPx+E73mNBQDIPA1+IPvft0aI=",
      "System.Net.Http.Json.76d3wzxg2h.wasm": "sha256-kf4Jz0UrtYixblOb5Ao7jaIXjXTZoz/IRX+Db9bOKzs=",
      "System.Net.Http.ulybijk5cu.wasm": "sha256-Dn73gzPAo+HNwnsCwLk4qja0GjxjvLC6jEj52R3+B+g=",
      "System.Net.Primitives.3uow9zd1kc.wasm": "sha256-RZU3+AurzUeBWgVjZalkA1jPlfRnehNr+R49gyYTuFI=",
      "System.ObjectModel.ov9dc6jj2d.wasm": "sha256-RMcPc4fH/2cePsv/FMcpRXzbpEsEaG+H7ckOjvRK6f0=",
      "System.Private.Uri.nsfj740ux6.wasm": "sha256-t01gtK8hlN5/sZS2zCYQzCfNca/CdyMrlH0l8rT84DA=",
      "System.Runtime.0jjnok885x.wasm": "sha256-nCpQ43REp8xEHncnhdzWoh6tzYb/ggKK8G0rcxwb3us=",
      "System.Text.Encodings.Web.4zpcd8unrt.wasm": "sha256-gAQK1aO5MWD0GwIAc812qHpnec5wlHwgnyaZ9RGOUOg=",
      "System.Text.Json.ier4kxsk5r.wasm": "sha256-RiT5o676f/bk6kQRnB+3J1dZcFq8aA8MPDJMHQwWuG4=",
      "System.Text.RegularExpressions.0e9rlv7vxy.wasm": "sha256-SKkTQL9D0Loskr+NX705/WITcRNb/8VQlQorMrz5S6M="
    }
  },
  "cacheBootResources": true,
  "debugLevel": 0,
  "linkerEnabled": true,
  "appsettings": [
    "../appsettings.json"
  ],
  "globalizationMode": "sharded",
  "extensions": {
    "blazor": {}
  }
}