{
  "mainAssemblyName": "EventPoints.Web",
  "resources": {
    "hash": "sha256-sPrIvR0X9dYA2KLhhfXcOItmY5Ah9ZVUpHkf0ap8Al8=",
    "fingerprinting": {
      "EventPoints.Domain.qgt5x80q38.wasm": "EventPoints.Domain.wasm",
      "EventPoints.Web.9d2w82ucvn.wasm": "EventPoints.Web.wasm",
      "Microsoft.AspNetCore.Components.zl068893sj.wasm": "Microsoft.AspNetCore.Components.wasm",
      "Microsoft.AspNetCore.Components.Web.mba6zlnpx2.wasm": "Microsoft.AspNetCore.Components.Web.wasm",
      "Microsoft.AspNetCore.Components.WebAssembly.64qddmbysl.wasm": "Microsoft.AspNetCore.Components.WebAssembly.wasm",
      "Microsoft.AspNetCore.Connections.Abstractions.qt4nv2awsu.wasm": "Microsoft.AspNetCore.Connections.Abstractions.wasm",
      "Microsoft.AspNetCore.Http.Connections.Client.lg7oztknn8.wasm": "Microsoft.AspNetCore.Http.Connections.Client.wasm",
      "Microsoft.AspNetCore.Http.Connections.Common.uita6hl0en.wasm": "Microsoft.AspNetCore.Http.Connections.Common.wasm",
      "Microsoft.AspNetCore.SignalR.Client.Core.ac9b559n6v.wasm": "Microsoft.AspNetCore.SignalR.Client.Core.wasm",
      "Microsoft.AspNetCore.SignalR.Client.kfnpv54p2j.wasm": "Microsoft.AspNetCore.SignalR.Client.wasm",
      "Microsoft.AspNetCore.SignalR.Common.nro0ew6w9w.wasm": "Microsoft.AspNetCore.SignalR.Common.wasm",
      "Microsoft.AspNetCore.SignalR.Protocols.Json.y13gb7douj.wasm": "Microsoft.AspNetCore.SignalR.Protocols.Json.wasm",
      "Microsoft.Extensions.Configuration.Abstractions.fhdafralvj.wasm": "Microsoft.Extensions.Configuration.Abstractions.wasm",
      "Microsoft.Extensions.Configuration.Json.x8nc4ezhyo.wasm": "Microsoft.Extensions.Configuration.Json.wasm",
      "Microsoft.Extensions.Configuration.8a48agg8yq.wasm": "Microsoft.Extensions.Configuration.wasm",
      "Microsoft.Extensions.DependencyInjection.Abstractions.1xkf8xxo3q.wasm": "Microsoft.Extensions.DependencyInjection.Abstractions.wasm",
      "Microsoft.Extensions.DependencyInjection.mcl4xv6yc6.wasm": "Microsoft.Extensions.DependencyInjection.wasm",
      "Microsoft.Extensions.Features.ikdj5aiwb8.wasm": "Microsoft.Extensions.Features.wasm",
      "Microsoft.Extensions.Logging.Abstractions.ov1oqpchs1.wasm": "Microsoft.Extensions.Logging.Abstractions.wasm",
      "Microsoft.Extensions.Logging.xm0r8lpvzq.wasm": "Microsoft.Extensions.Logging.wasm",
      "Microsoft.Extensions.Options.zttou3yn8o.wasm": "Microsoft.Extensions.Options.wasm",
      "Microsoft.Extensions.Primitives.79421e6k44.wasm": "Microsoft.Extensions.Primitives.wasm",
      "Microsoft.JSInterop.um7ki97jms.wasm": "Microsoft.JSInterop.wasm",
      "Microsoft.JSInterop.WebAssembly.ynpjm7kaw7.wasm": "Microsoft.JSInterop.WebAssembly.wasm",
      "System.Collections.Concurrent.yoxuelnucb.wasm": "System.Collections.Concurrent.wasm",
      "System.Collections.Immutable.ti05e2kkss.wasm": "System.Collections.Immutable.wasm",
      "System.Collections.NonGeneric.3b0zkpedb5.wasm": "System.Collections.NonGeneric.wasm",
      "System.Collections.plyx90s3tg.wasm": "System.Collections.wasm",
      "System.ComponentModel.ek5njsetz3.wasm": "System.ComponentModel.wasm",
      "System.Console.oxhwgvgley.wasm": "System.Console.wasm",
      "System.Diagnostics.DiagnosticSource.y8k2lhb34p.wasm": "System.Diagnostics.DiagnosticSource.wasm",
      "System.IO.Pipelines.25wvkeg814.wasm": "System.IO.Pipelines.wasm",
      "System.Linq.jwk8cnkvbx.wasm": "System.Linq.wasm",
      "System.Memory.a4o30ore0w.wasm": "System.Memory.wasm",
      "System.Net.Http.Json.zj1ij9lzko.wasm": "System.Net.Http.Json.wasm",
      "System.Net.Http.vnate7z0up.wasm": "System.Net.Http.wasm",
      "System.Net.Primitives.jvimf6euqy.wasm": "System.Net.Primitives.wasm",
      "System.Net.Requests.9fkw3qihza.wasm": "System.Net.Requests.wasm",
      "System.Net.Security.cqpem4u1zk.wasm": "System.Net.Security.wasm",
      "System.Net.ServerSentEvents.vz099to1i3.wasm": "System.Net.ServerSentEvents.wasm",
      "System.Net.WebSockets.Client.bwjbnt1ysw.wasm": "System.Net.WebSockets.Client.wasm",
      "System.Net.WebSockets.v6xdmaj4k3.wasm": "System.Net.WebSockets.wasm",
      "System.ObjectModel.2gf67kii91.wasm": "System.ObjectModel.wasm",
      "System.Private.CoreLib.bjnqcmg05f.wasm": "System.Private.CoreLib.wasm",
      "System.Private.Uri.b4toz9m7sr.wasm": "System.Private.Uri.wasm",
      "System.Runtime.InteropServices.JavaScript.98fka43bow.wasm": "System.Runtime.InteropServices.JavaScript.wasm",
      "System.Runtime.luao17pd1g.wasm": "System.Runtime.wasm",
      "System.Security.Cryptography.eftfc7fckg.wasm": "System.Security.Cryptography.wasm",
      "System.Text.Encodings.Web.l0nl0fybze.wasm": "System.Text.Encodings.Web.wasm",
      "System.Text.Json.jnzgykplfx.wasm": "System.Text.Json.wasm",
      "System.Text.RegularExpressions.3zydt3n8n9.wasm": "System.Text.RegularExpressions.wasm",
      "System.Threading.Channels.hdfbdaw1ej.wasm": "System.Threading.Channels.wasm",
      "dotnet.native.qqumt3dtyr.js": "dotnet.native.js",
      "dotnet.native.oj9uc3bj32.wasm": "dotnet.native.wasm",
      "dotnet.js": "dotnet.js",
      "dotnet.runtime.d1pzlaz2ez.js": "dotnet.runtime.js",
      "icudt_CJK.tjcz0u77k5.dat": "icudt_CJK.dat",
      "icudt_EFIGS.tptq2av103.dat": "icudt_EFIGS.dat",
      "icudt_no_CJK.lfu7j35m59.dat": "icudt_no_CJK.dat"
    },
    "jsModuleNative": {
      "dotnet.native.qqumt3dtyr.js": "sha256-3oEpHHwXjDvW7IlI/BHXP9Dgr63VKZqSl/S8qlnxNRg="
    },
    "jsModuleRuntime": {
      "dotnet.runtime.d1pzlaz2ez.js": "sha256-gbZjXNFbH7V8lcix+H0TUDJHLeFUA3n3IMu7fLh4D80="
    },
    "wasmNative": {
      "dotnet.native.oj9uc3bj32.wasm": "sha256-LIxX8+dE1QWhMLs2mFPm8KQZ8ZIaTrj+umySVePRTEI="
    },
    "icu": {
      "icudt_CJK.tjcz0u77k5.dat": "sha256-SZLtQnRc0JkwqHab0VUVP7T3uBPSeYzxzDnpxPpUnHk=",
      "icudt_EFIGS.tptq2av103.dat": "sha256-8fItetYY8kQ0ww6oxwTLiT3oXlBwHKumbeP2pRF4yTc=",
      "icudt_no_CJK.lfu7j35m59.dat": "sha256-L7sV7NEYP37/Qr2FPCePo5cJqRgTXRwGHuwF5Q+0Nfs="
    },
    "coreAssembly": {
      "System.Private.CoreLib.bjnqcmg05f.wasm": "sha256-p52iE/+tBoNsK/QMrnXUaWaqx5QVeBnQdtqnwyRfGto=",
      "System.Runtime.InteropServices.JavaScript.98fka43bow.wasm": "sha256-56tkkG640DLtz7IW4tM94JzWWKDvNkgbf4fh+KSr7L4="
    },
    "assembly": {
      "EventPoints.Domain.qgt5x80q38.wasm": "sha256-lnqj6tXuXgaxa74VREU2KRVQBQiFFtIetrdIGnRPoO0=",
      "EventPoints.Web.9d2w82ucvn.wasm": "sha256-A/wMle1Hzw/e1T6N9bLANXTMoAb8rXFfUyokX9zP6m0=",
      "Microsoft.AspNetCore.Components.zl068893sj.wasm": "sha256-aT+vBXcX9xbCKoF++C2LLPjI6OxAGuqwaNpzgjSlQhI=",
      "Microsoft.AspNetCore.Components.Web.mba6zlnpx2.wasm": "sha256-Pl9jbrC31EOFeCcGqy4emv4WTLNY3fSTpicpXrNxTV8=",
      "Microsoft.AspNetCore.Components.WebAssembly.64qddmbysl.wasm": "sha256-isXkrUqt77bucXqEi9CY5FnYqrxxL+HnbK7X8uWh5K8=",
      "Microsoft.AspNetCore.Connections.Abstractions.qt4nv2awsu.wasm": "sha256-Lt/y4Pz+r01maC4BySsUpxhwHiYO/zKf3EiZ3apSpzQ=",
      "Microsoft.AspNetCore.Http.Connections.Client.lg7oztknn8.wasm": "sha256-Oy0dAQWf44aDhdghJF/iiu+uAi7ivnPRlSL7IjrxG9Y=",
      "Microsoft.AspNetCore.Http.Connections.Common.uita6hl0en.wasm": "sha256-ClID/NuPBauj4f1sJZUQyotDCH6fQaC6s3hZGfAImes=",
      "Microsoft.AspNetCore.SignalR.Client.Core.ac9b559n6v.wasm": "sha256-Cq0OJCJTSG0NG4lv4wtTODTHxbCAyRTqAKd5dc7b9w0=",
      "Microsoft.AspNetCore.SignalR.Client.kfnpv54p2j.wasm": "sha256-4HUAzIe9ApFj3hfaPq2h+Xs9XEHX8GKWA0238LwqJ+4=",
      "Microsoft.AspNetCore.SignalR.Common.nro0ew6w9w.wasm": "sha256-ndT4MBW8aJ7kHEARdVdwMBy7PP6Nk6lImkeylR9TszA=",
      "Microsoft.AspNetCore.SignalR.Protocols.Json.y13gb7douj.wasm": "sha256-dqpjhGbM5HtPiWnysnWAUIHk20NTTwE8fQaAjuksHXE=",
      "Microsoft.Extensions.Configuration.Abstractions.fhdafralvj.wasm": "sha256-w/2zjMfyoJhbvs8+MLLLNClNwhU130chhB6gK4YYr/0=",
      "Microsoft.Extensions.Configuration.Json.x8nc4ezhyo.wasm": "sha256-TxOo9nPmVL3U9K4TaX1871k0es8meg5RhQtvn2xXGbc=",
      "Microsoft.Extensions.Configuration.8a48agg8yq.wasm": "sha256-UK4CYO64Wyu6vze5IBJJCldq45XxRPXENIb3NV2rynw=",
      "Microsoft.Extensions.DependencyInjection.Abstractions.1xkf8xxo3q.wasm": "sha256-W6z2/WGHzibBfiQSMPWL4kSF11oLtmx7X2/304PwVys=",
      "Microsoft.Extensions.DependencyInjection.mcl4xv6yc6.wasm": "sha256-6j1yc9NLyR/djMbbf5PAqzb4FWkPxoHsJpqv0Kr+AAs=",
      "Microsoft.Extensions.Features.ikdj5aiwb8.wasm": "sha256-cniqqEgj4eNIv23qJ8IaRxKwKOIJZmVnZzgNa5ojPeI=",
      "Microsoft.Extensions.Logging.Abstractions.ov1oqpchs1.wasm": "sha256-hH1cxd76ta82KI2bS5oIv9bLnd8+pfx7FILc2oTK7l4=",
      "Microsoft.Extensions.Logging.xm0r8lpvzq.wasm": "sha256-B/hyoc/3U9O+Mpdfv6QUviVgRjPoyk4TJToUTpgYOg4=",
      "Microsoft.Extensions.Options.zttou3yn8o.wasm": "sha256-B1ciuISTYqpeDGW+h2oXZ1e/4geUIQ2fuR/RNGXatXk=",
      "Microsoft.Extensions.Primitives.79421e6k44.wasm": "sha256-9YRkHsHFuOnJURkJNNupQY3uke6xaVZk55bxFqKP7U0=",
      "Microsoft.JSInterop.um7ki97jms.wasm": "sha256-WlaGysW+2KH8VX+Fw/WhpDv9XQwLvF+eOm/AnPSKn4I=",
      "Microsoft.JSInterop.WebAssembly.ynpjm7kaw7.wasm": "sha256-rhpkBOcrE3Jka5EriY0f6+d/lxnwAWpcDQrLBwRBYfg=",
      "System.Collections.Concurrent.yoxuelnucb.wasm": "sha256-EjiKSJjvYbI1rmJVKmDp5qlk6byvgcXEOtIslPposwo=",
      "System.Collections.Immutable.ti05e2kkss.wasm": "sha256-5ecFP+j/MqhK0GZR2lf6TzkJ88N4abQ5Eq1osAWc7n0=",
      "System.Collections.NonGeneric.3b0zkpedb5.wasm": "sha256-sVtxBAbemBmiP9q7OqhJEeRhAdjSCsYu5H30XWA7BYA=",
      "System.Collections.plyx90s3tg.wasm": "sha256-k6kTeBPVilefX3O7cZK8gE8UbLhrn2lui3NNyixyJBo=",
      "System.ComponentModel.ek5njsetz3.wasm": "sha256-7n7ghIpXsa9b0B2ogCKFeKszbubZfTop3s6xAVOqZ9I=",
      "System.Console.oxhwgvgley.wasm": "sha256-NLHSO+7X9aXsuq1xKlOedHMlw7a1JOG41Jq5nFwnA1s=",
      "System.Diagnostics.DiagnosticSource.y8k2lhb34p.wasm": "sha256-/qNm4vyBF5rvWArhWxEGFj0meXsDZTNNiuOTIAMU/iU=",
      "System.IO.Pipelines.25wvkeg814.wasm": "sha256-ir//Z1nY5QiT3/KXgKYGBugJy6//xEfhOZemfkTqQEE=",
      "System.Linq.jwk8cnkvbx.wasm": "sha256-02M0OAKmx68EyrHvdrMg9UqDxDZ12Nw+V4sTUfahGXk=",
      "System.Memory.a4o30ore0w.wasm": "sha256-2iwArJ14R8gMJEj+pCGrQWR+2Sm8FLJOzpfrbuRVXi8=",
      "System.Net.Http.Json.zj1ij9lzko.wasm": "sha256-oWDpUqyzTVTrqIW5abWSUu1uW3Q1rrn8Pf6vIx+Mrgk=",
      "System.Net.Http.vnate7z0up.wasm": "sha256-xaqY7fyG0a/xEusBTK505vziCMukBFdljrtNnI/Rd2o=",
      "System.Net.Primitives.jvimf6euqy.wasm": "sha256-8U9P2o7G6XCE/vWK29qBtjCMRSTkRS+1HWwaZFo2K4s=",
      "System.Net.Requests.9fkw3qihza.wasm": "sha256-ZRoliME9g596XqEIu0ClcaPe2ftbbHvfWjNgV+aUxiQ=",
      "System.Net.Security.cqpem4u1zk.wasm": "sha256-xP8txYqzPVYK+TgWo4jxx1AyebWQ2hQjgdSZNgqa2VY=",
      "System.Net.ServerSentEvents.vz099to1i3.wasm": "sha256-tZWop1MSBMOdf/bLp/XG+f8ngoMGl0QnPB2pam+o664=",
      "System.Net.WebSockets.Client.bwjbnt1ysw.wasm": "sha256-e9SZh3tCF18mYrWkwOgA1dG3FgK1HTnWf4t55JRaaQs=",
      "System.Net.WebSockets.v6xdmaj4k3.wasm": "sha256-R1e/DuHFoO5sj0CwMe9mx1eFj1JBjsVl99n+tXvxShs=",
      "System.ObjectModel.2gf67kii91.wasm": "sha256-TpVWakRHOQaVGdV1jHQU+DQfbdQLwOfzl2lFqSXjHrw=",
      "System.Private.Uri.b4toz9m7sr.wasm": "sha256-lW/WjozNfY6mni5msAaFwxwZ+fOvDF8Qk+EWpNeCYi0=",
      "System.Runtime.luao17pd1g.wasm": "sha256-7TnYEYfbpY09XmEBYbJGK2YAirmM0W9s0me4eqUYsrM=",
      "System.Security.Cryptography.eftfc7fckg.wasm": "sha256-ujqqtUfGGDgzjRAteCsilSJ8DGNWGYigzmPLWexVet0=",
      "System.Text.Encodings.Web.l0nl0fybze.wasm": "sha256-xeO2He4k6581jrnRil9eYolIV2NJF4fuvC+tmiaun4I=",
      "System.Text.Json.jnzgykplfx.wasm": "sha256-fxoPGZ9atFl23djR4FY5Cc5YwIPiuvDPYIqPeRVIHz8=",
      "System.Text.RegularExpressions.3zydt3n8n9.wasm": "sha256-sXTH9c57ccmOHrE+Bpsiewg0xWGtHrbl8KBKpTJW9VA=",
      "System.Threading.Channels.hdfbdaw1ej.wasm": "sha256-awiWSJrvQ2G8jNsq5rwpUVcqt7qbLCB02nNf3wew5IM="
    }
  },
  "cacheBootResources": true,
  "debugLevel": 0,
  "linkerEnabled": true,
  "appsettings": [
    "../appsettings.json"
  ],
  "globalizationMode": "sharded",
  "extensions": {
    "blazor": {}
  }
}